sent_id	gold_stem	gold_label	error_type	sentence	lemma	type_tag	shape	head	tail	hfst_analysis	insertion	insertion_tagged	insertion_type	detected_error	confidence_score	tokens_pos	head_token_idx	tail_token_idx	head_pos	tail_pos	pos_pattern	pos_validation
1	睡觉	True		昨天晚上我睡了一个好觉。	睡觉	Verb-Object	SPLIT	睡	觉	睡觉+Lemma+Verb-Object+SPLIT+Head:睡+Tail:觉	了ASPECT一NUM个CLF好MOD	了:ASPECT+一:NUM+个:CLF+好:MOD	ASPECT_QUANT		1.0	昨天/NT 晚上/NT 我/PN 睡/VV 了/AS 一个/CD 好/JJ 觉/NN 。/PU	3	7	VV	NN	separate_tokens	pos_valid
2	洗澡	True		运动完必须洗个热水澡。	洗澡	Verb-Object	SPLIT	洗	澡	洗澡+Lemma+Verb-Object+SPLIT+Head:洗+Tail:澡	个CLF热MOD水	个:CLF+热:MOD	QUANTIFIER		0.6666666666666666	运动完/VV 必须/VV 洗/VV 个/M 热水澡/NN 。/PU	2	4	VV	NN	separate_tokens	pos_valid
3	吃饭	True		如果你还没吃完饭，就等一会儿。	吃饭	Verb-Object	SPLIT	吃	饭	吃饭+Lemma+Verb-Object+SPLIT+Head:吃+Tail:饭	完RES	完:RES	RESULTATIVE		1.0	如果/CS 你/PN 还/AD 没/AD 吃完/VV 饭/NN ，/PU 就/AD 等/VV 一会儿/AD 。/PU	4	5	VV	NN	separate_tokens	pos_valid
4	刷牙	True		医生建议每天至少刷两分钟牙。	刷牙	Verb-Object	SPLIT	刷	牙	刷牙+Lemma+Verb-Object+SPLIT+Head:刷+Tail:牙	两NUM分TIME钟TIME	两:NUM+分:TIME+钟:TIME	UNKNOWN		1.0	医生/NN 建议/VV 每天/AD 至少/AD 刷/VV 两分钟/M 牙/NN 。/PU	4	6	VV	NN	separate_tokens	pos_valid
5	洗脸	True		早上匆匆忙忙洗了一把脸就出门了。	洗脸	Verb-Object	SPLIT	洗	脸	洗脸+Lemma+Verb-Object+SPLIT+Head:洗+Tail:脸	了ASPECT一NUM把CLF	了:ASPECT+一:NUM+把:CLF	ASPECT_QUANT		1.0	早上/NT 匆匆忙忙/AD 洗/VV 了/AS 一/CD 把/M 脸/NN 就/AD 出门/VV 了/AS 。/PU	2	6	VV	NN	separate_tokens	pos_valid
6	走路	True		我们走了很久的路。	走路	Verb-Object	SPLIT	走	路	走路+Lemma+Verb-Object+SPLIT+Head:走+Tail:路	了ASPECT很MOD久MOD的DE	了:ASPECT+很:MOD+久:MOD+的:DE	ASPECT		1.0	我们/PN 走/VV 了/AS 很/AD 久/VA 的/DEC 路/NN 。/PU	1	6	VV	NN	separate_tokens	pos_valid
7	跑步	True		他在公园里跑了一会儿步。	跑步	Verb-Object	SPLIT	跑	步	跑步+Lemma+Verb-Object+SPLIT+Head:跑+Tail:步	了ASPECT一NUM会TIME儿TIME	了:ASPECT+一:NUM+会:TIME+儿:TIME	ASPECT		1.0	他/PN 在/P 公园/NN 里/LC 跑/VV 了/AS 一会儿/CD 步/NN 。/PU	4	7	VV	NN	separate_tokens	pos_valid
8	散步	True		晚饭后我们去河边散散步。	散步	Verb-Object	REDUP	散	步	散步+Lemma+Verb-Object+REDUP+Head:散+Tail:步			REDUP_SKIP		1.0	晚饭/NN 后/LC 我们/PN 去/VV 河/NN 边/LC 散散步/VV 。/PU	6	6	VV	VV	same_token	pos_valid
9	上网	True		为了查资料，我上了两个小时网。	上网	Verb-Object	SPLIT	上	网	上网+Lemma+Verb-Object+SPLIT+Head:上+Tail:网	了ASPECT两NUM个CLF小MOD时TIME	了:ASPECT+两:NUM+个:CLF+小:MOD+时:TIME	ASPECT_QUANT		1.0	为了/P 查/VV 资料/NN ，/PU 我/PN 上/VV 了/AS 两个小时/NN 网/NN 。/PU	5	8	VV	NN	separate_tokens	pos_valid
10	理发	True		过年前要去理一次发。	理发	Verb-Object	SPLIT	理	发	理发+Lemma+Verb-Object+SPLIT+Head:理+Tail:发	一NUM次CLF	一:NUM+次:CLF	QUANTIFIER		1.0	过年/VV 前/LC 要/VV 去/VV 理/VV 一次/AD 发/VV 。/PU	4	6	VV	VV	separate_tokens	pos_valid
11	搬家	True		这几年北漂搬了三次家。	搬家	Verb-Object	SPLIT	搬	家	搬家+Lemma+Verb-Object+SPLIT+Head:搬+Tail:家	了ASPECT三NUM次CLF	了:ASPECT+三:NUM+次:CLF	ASPECT_QUANT		1.0	这/DT 几年/NT 北漂/NN 搬/VV 了/AS 三次/NR 家/NN 。/PU	3	6	VV	NN	separate_tokens	pos_valid
12	起床	True		他难受得起不来床。	起床	Verb-Object	SPLIT	起	床	起床+Lemma+Verb-Object+SPLIT+Head:起+Tail:床	不RES来	不:RES	RESULTATIVE		0.5	他/PN 难受/VA 得/DER 起/VV 不/AD 来/VV 床/NN 。/PU	3	6	VV	NN	separate_tokens	pos_valid
13	看书	True		他在图书馆安静地看了半天书。	看书	Verb-Object	SPLIT	看	书	看书+Lemma+Verb-Object+SPLIT+Head:看+Tail:书	了ASPECT半NUM天CLF	了:ASPECT+半:NUM+天:CLF	ASPECT_QUANT		1.0	他/PN 在/P 图书馆/NN 安静/VA 地/DEV 看/VV 了/AS 半天/AD 书/NN 。/PU	5	8	VV	NN	separate_tokens	pos_valid
14	写字	True		练习了十年，终于写了一手好字。	写字	Verb-Object	SPLIT	写	字	写字+Lemma+Verb-Object+SPLIT+Head:写+Tail:字	了ASPECT一NUM手CLF好MOD	了:ASPECT+一:NUM+手:CLF+好:MOD	ASPECT_QUANT		1.0	练习/VV 了/AS 十年/NT ，/PU 终于/AD 写/VV 了/AS 一手/NN 好字/NN 。/PU	5	8	VV	NN	separate_tokens	pos_valid
15	开门	True		你快去开一下门。	开门	Verb-Object	SPLIT	开	门	开门+Lemma+Verb-Object+SPLIT+Head:开+Tail:门	一NUM下CLF	一:NUM+下:CLF	QUANTIFIER		1.0	你/PN 快/AD 去/VV 开/VV 一下/AD 门/NN 。/PU	3	5	VV	NN	separate_tokens	pos_valid
16	敲门	True		他敲了半天门。	敲门	Verb-Object	SPLIT	敲	门	敲门+Lemma+Verb-Object+SPLIT+Head:敲+Tail:门	了ASPECT半NUM天CLF	了:ASPECT+半:NUM+天:CLF	ASPECT_QUANT		1.0	他/PN 敲/VV 了/AS 半天/AD 门/NN 。/PU	1	4	VV	NN	separate_tokens	pos_valid
17	关灯	True		记得关了灯再睡。	关灯	Verb-Object	SPLIT	关	灯	关灯+Lemma+Verb-Object+SPLIT+Head:关+Tail:灯	了ASPECT	了:ASPECT	ASPECT		1.0	记得/VV 关/VV 了/AS 灯/NN 再/AD 睡/VV 。/PU	1	3	VV	NN	separate_tokens	pos_valid
18	睡觉	True		太累了，他睡了一个好觉。	睡觉	Verb-Object	SPLIT	睡	觉	睡觉+Lemma+Verb-Object+SPLIT+Head:睡+Tail:觉	了ASPECT一NUM个CLF好MOD	了:ASPECT+一:NUM+个:CLF+好:MOD	ASPECT_QUANT		1.0	太/AD 累/VA 了/AS ，/PU 他/PN 睡/VV 了/AS 一个/CD 好/JJ 觉/NN 。/PU	5	9	VV	NN	separate_tokens	pos_valid
19	做饭	True		今天妈妈做了一顿丰盛的晚饭。	做饭	Verb-Object	SPLIT	做	饭	做饭+Lemma+Verb-Object+SPLIT+Head:做+Tail:饭	了ASPECT一NUM顿CLF丰MOD盛MOD的DE晚	了:ASPECT+一:NUM+顿:CLF+丰:MOD+盛:MOD+的:DE	ASPECT_QUANT		0.8571428571428571	今天/NT 妈妈/NN 做/VV 了/AS 一/CD 顿/M 丰盛/JJ 的/DEG 晚饭/NN 。/PU	2	8	VV	NN	separate_tokens	pos_valid
20	打球	True		周末约朋友去打了一场球。	打球	Verb-Object	SPLIT	打	球	打球+Lemma+Verb-Object+SPLIT+Head:打+Tail:球	了ASPECT一NUM场CLF	了:ASPECT+一:NUM+场:CLF	ASPECT_QUANT		1.0	周末/NT 约/VV 朋友/NN 去/VV 打/VV 了/AS 一/CD 场/M 球/NN 。/PU	4	8	VV	NN	separate_tokens	pos_valid
21	抽烟	True		压力大的时候他抽了一根烟。	抽烟	Verb-Object	SPLIT	抽	烟	抽烟+Lemma+Verb-Object+SPLIT+Head:抽+Tail:烟	了ASPECT一NUM根CLF	了:ASPECT+一:NUM+根:CLF	ASPECT_QUANT		1.0	压力/NN 大/VA 的/DEC 时候/NN 他/PN 抽/VV 了/AS 一/CD 根/M 烟/NN 。/PU	5	9	VV	NN	separate_tokens	pos_valid
22	见面	True		我们虽然同城，但也只见过一面。	见面	Verb-Object	SPLIT	见	面	见面+Lemma+Verb-Object+SPLIT+Head:见+Tail:面	过ASPECT一NUM	过:ASPECT+一:NUM	ASPECT		1.0	我们/PN 虽然/CS 同城/VV ，/PU 但/AD 也/AD 只/AD 见/VV 过/AS 一面/NN 。/PU	7	9	VV	NN	separate_tokens	pos_valid
23	帮忙	True		你真是帮了我一个大忙。	帮忙	Verb-Object	SPLIT	帮	忙	帮忙+Lemma+Verb-Object+SPLIT+Head:帮+Tail:忙	了ASPECT我PRO一NUM个CLF大MOD	了:ASPECT+我:PRO+一:NUM+个:CLF+大:MOD	ASPECT_QUANT		1.0	你/PN 真是/AD 帮/VV 了/AS 我/PN 一个/CD 大忙/NN 。/PU	2	6	VV	NN	separate_tokens	pos_valid
24	聊天	True		和老朋友聊了一整天。	聊天	Verb-Object	SPLIT	聊	天	聊天+Lemma+Verb-Object+SPLIT+Head:聊+Tail:天	了ASPECT一NUM整MOD	了:ASPECT+一:NUM+整:MOD	ASPECT		1.0	和/P 老朋友/NN 聊/VV 了/AS 一整天/NN 。/PU	2	4	VV	NN	separate_tokens	pos_valid
25	说话	True		请你帮我说两句好话。	说话	Verb-Object	SPLIT	说	话	说话+Lemma+Verb-Object+SPLIT+Head:说+Tail:话	两NUM句CLF好MOD	两:NUM+句:CLF+好:MOD	QUANTIFIER		1.0	请/VV 你/PN 帮/VV 我/PN 说/VV 两句/CD 好话/NN 。/PU	4	6	VV	NN	separate_tokens	pos_valid
26	吵架	True		因为一点小事，他们吵了一架。	吵架	Verb-Object	SPLIT	吵	架	吵架+Lemma+Verb-Object+SPLIT+Head:吵+Tail:架	了ASPECT一NUM	了:ASPECT+一:NUM	ASPECT		1.0	因为/P 一点/CD 小事/NN ，/PU 他们/PN 吵/VV 了/AS 一/CD 架/NN 。/PU	5	8	VV	NN	separate_tokens	pos_valid
27	打架	True		两只猫在屋顶上打了一架。	打架	Verb-Object	SPLIT	打	架	打架+Lemma+Verb-Object+SPLIT+Head:打+Tail:架	了ASPECT一NUM	了:ASPECT+一:NUM	ASPECT		1.0	两只/CD 猫/NN 在/P 屋顶/NN 上/LC 打/VV 了/AS 一/CD 架/NN 。/PU	5	8	VV	NN	separate_tokens	pos_valid
28	打仗	True		俄罗斯和乌克兰还要打多久的仗呢？	打仗	Verb-Object	SPLIT	打	仗	打仗+Lemma+Verb-Object+SPLIT+Head:打+Tail:仗	多MOD久MOD的DE	多:MOD+久:MOD+的:DE	MODIFIER_DE		1.0	俄罗斯/NR 和/CC 乌克兰/NR 还要/AD 打/VV 多久/PN 的/DEG 仗/NN 呢/SP ？/PU	4	7	VV	NN	separate_tokens	pos_valid
29	生气	True		别再生他的气了。	生气	Verb-Object	SPLIT	生	气	生气+Lemma+Verb-Object+SPLIT+Head:生+Tail:气	他PRO的DE	他:PRO+的:DE	PRONOUN_DE		1.0	别/AD 再生/VV 他/PN 的/DEG 气/NN 了/SP 。/PU	1	4	VV	NN	separate_tokens	pos_valid
30	发火	True		领导在会上发了一通火。	发火	Verb-Object	SPLIT	发	火	发火+Lemma+Verb-Object+SPLIT+Head:发+Tail:火	了ASPECT一NUM通CLF	了:ASPECT+一:NUM+通:CLF	ASPECT_QUANT		1.0	领导/NN 在/P 会上/NN 发/VV 了/AS 一/CD 通/M 火/NN 。/PU	3	7	VV	NN	separate_tokens	pos_valid
31	道歉	True		做错事就该给人家道一个歉。	道歉	Verb-Object	SPLIT	道	歉	道歉+Lemma+Verb-Object+SPLIT+Head:道+Tail:歉	一NUM个CLF	一:NUM+个:CLF	QUANTIFIER		1.0	做错事/VV 就/AD 该/VV 给/P 人家/PN 道/VV 一个/CD 歉/NN 。/PU	5	7	VV	NN	separate_tokens	pos_valid
32	道谢	True		临走时，他特意向主人道了一声谢。	道谢	Verb-Object	SPLIT	道	谢	道谢+Lemma+Verb-Object+SPLIT+Head:道+Tail:谢	了ASPECT一NUM声CLF	了:ASPECT+一:NUM+声:CLF	ASPECT_QUANT		1.0	临走/VV 时/LC ，/PU 他/PN 特意/AD 向/P 主人/NN 道/VV 了/AS 一/CD 声/M 谢/NN 。/PU	7	11	VV	NN	separate_tokens	pos_valid
33	拜年	True		大年初一去给长辈拜个年。	拜年	Verb-Object	SPLIT	拜	年	拜年+Lemma+Verb-Object+SPLIT+Head:拜+Tail:年	个CLF	个:CLF	QUANTIFIER		1.0	大年初一/NT 去/VV 给/P 长辈/NN 拜/VV 个/M 年/NN 。/PU	4	6	VV	NN	separate_tokens	pos_valid
34	握手	True		大家互相握了一下手。	握手	Verb-Object	SPLIT	握	手	握手+Lemma+Verb-Object+SPLIT+Head:握+Tail:手	了ASPECT一NUM下CLF	了:ASPECT+一:NUM+下:CLF	ASPECT_QUANT		1.0	大家/PN 互相/AD 握/VV 了/AS 一下/AD 手/NN 。/PU	2	5	VV	NN	separate_tokens	pos_valid
35	捣乱	True		别在他工作的时候捣他的乱。	捣乱	Verb-Object	SPLIT	捣	乱	捣乱+Lemma+Verb-Object+SPLIT+Head:捣+Tail:乱	他PRO的DE	他:PRO+的:DE	PRONOUN_DE		1.0	别/AD 在/P 他/PN 工作/VV 的/DEC 时候/NN 捣/VV 他/PN 的/DEG 乱/NN 。/PU	6	9	VV	NN	separate_tokens	pos_valid
36	开玩笑	True		我只是跟你开了一个玩笑。	开玩笑	Verb-Object	SPLIT	开	玩笑	开玩笑+Lemma+Verb-Object+SPLIT+Head:开+Tail:玩笑	了ASPECT一NUM个CLF	了:ASPECT+一:NUM+个:CLF	ASPECT_QUANT		1.0	我/PN 只是/AD 跟/P 你/PN 开/VV 了/AS 一个/CD 玩笑/NN 。/PU	4	7	VV	NN	separate_tokens	pos_valid
37	撒谎	True		他脸红了，显然是撒了一个谎。	撒谎	Verb-Object	SPLIT	撒	谎	撒谎+Lemma+Verb-Object+SPLIT+Head:撒+Tail:谎	了ASPECT一NUM个CLF	了:ASPECT+一:NUM+个:CLF	ASPECT_QUANT		1.0	他/PN 脸红/VV 了/SP ，/PU 显然/AD 是/VC 撒/VV 了/AS 一个/CD 谎/NN 。/PU	6	9	VV	NN	separate_tokens	pos_valid
38	吹牛	True		别听他瞎说，他又在吹牛。	吹牛	Verb-Object	WHOLE	吹	牛	吹牛+Lemma+Verb-Object+WHOLE+Head:吹+Tail:牛			EMPTY		0.5	别/AD 听/VV 他/PN 瞎说/VV ，/PU 他/PN 又/AD 在/AD 吹牛/VV 。/PU	8	8	VV	VV	same_token	pos_valid
39	告状	True		他去老师那里告了你一状。	告状	Verb-Object	SPLIT	告	状	告状+Lemma+Verb-Object+SPLIT+Head:告+Tail:状	了ASPECT你PRO一NUM	了:ASPECT+你:PRO+一:NUM	ASPECT		1.0	他/PN 去/VV 老师/NN 那里/PN 告/VV 了/AS 你/PN 一/CD 状/NN 。/PU	4	8	VV	NN	separate_tokens	pos_valid
40	请客	True		为了庆祝升职，他请了一次客。	请客	Verb-Object	SPLIT	请	客	请客+Lemma+Verb-Object+SPLIT+Head:请+Tail:客	了ASPECT一NUM次CLF	了:ASPECT+一:NUM+次:CLF	ASPECT_QUANT		1.0	为了/P 庆祝/VV 升职/NN ，/PU 他/PN 请/VV 了/AS 一次/AD 客/NN 。/PU	5	8	VV	NN	separate_tokens	pos_valid
42	离婚	True		听说邻居离了两次婚。	离婚	Verb-Object	SPLIT	离	婚	离婚+Lemma+Verb-Object+SPLIT+Head:离+Tail:婚	了ASPECT两NUM次CLF	了:ASPECT+两:NUM+次:CLF	ASPECT_QUANT		1.0	听说/VV 邻居/NN 离/VV 了/AS 两次/CD 婚/NN 。/PU	2	5	VV	NN	separate_tokens	pos_valid
43	订婚	True		他们刚刚订完婚。	订婚	Verb-Object	SPLIT	订	婚	订婚+Lemma+Verb-Object+SPLIT+Head:订+Tail:婚	完RES	完:RES	RESULTATIVE		1.0	他们/PN 刚刚/AD 订完/VV 婚/NN 。/PU	2	3	VV	NN	separate_tokens	pos_valid
44	谈恋爱	True		大学期间谈了一场轰轰烈烈的恋爱。	谈恋爱	Verb-Object	SPLIT	谈	恋爱	谈恋爱+Lemma+Verb-Object+SPLIT+Head:谈+Tail:恋爱	了ASPECT一NUM场CLF轰轰烈MOD烈MOD的DE	了:ASPECT+一:NUM+场:CLF+烈:MOD+烈:MOD+的:DE	ASPECT_QUANT		0.75	大学/NN 期间/NN 谈/VV 了/AS 一/CD 场/M 轰轰烈烈/VV 的/DEC 恋爱/NN 。/PU	2	8	VV	NN	separate_tokens	pos_valid
45	分手	True		因为性格不合，他们分了一次手。	分手	Verb-Object	SPLIT	分	手	分手+Lemma+Verb-Object+SPLIT+Head:分+Tail:手	了ASPECT一NUM次CLF	了:ASPECT+一:NUM+次:CLF	ASPECT_QUANT		1.0	因为/P 性格/NN 不合/VV ，/PU 他们/PN 分/VV 了/AS 一次/AD 手/NN 。/PU	5	8	VV	NN	separate_tokens	pos_valid
46	伤心	True		这件事真是让他伤透了心。	伤心	Verb-Object	SPLIT	伤	心	伤心+Lemma+Verb-Object+SPLIT+Head:伤+Tail:心	透MOD了ASPECT	透:MOD+了:ASPECT	ASPECT		1.0	这/DT 件/M 事/NN 真是/AD 让/VV 他/PN 伤透/VV 了/AS 心/NN 。/PU	6	8	VV	NN	separate_tokens	pos_valid
47	吃醋	True		她到底在吃谁的醋？	吃醋	Verb-Object	SPLIT	吃	醋	吃醋+Lemma+Verb-Object+SPLIT+Head:吃+Tail:醋	谁PRO的DE	谁:PRO+的:DE	PRONOUN_DE		1.0	她/PN 到底/AD 在/AD 吃/VV 谁/PN 的/DEG 醋/NN ？/PU	3	6	VV	NN	separate_tokens	pos_valid
48	放心	True		你就放一百个心吧。	放心	Verb-Object	SPLIT	放	心	放心+Lemma+Verb-Object+SPLIT+Head:放+Tail:心	一NUM百NUM个CLF	一:NUM+百:NUM+个:CLF	QUANTIFIER		1.0	你/PN 就/AD 放/VV 一百个/CD 心/NN 吧/SP 。/PU	2	4	VV	NN	separate_tokens	pos_valid
49	灰心	True		失败了不要紧，千万别灰了心。	灰心	Verb-Object	SPLIT	灰	心	灰心+Lemma+Verb-Object+SPLIT+Head:灰+Tail:心	了ASPECT	了:ASPECT	ASPECT		1.0	失败/VV 了/AS 不要紧/VA ，/PU 千万/AD 别/AD 灰/VV 了/AS 心/NN 。/PU	6	8	VV	NN	separate_tokens	pos_valid
50	操心	True		为了这个家，由于操碎了心。	操心	Verb-Object	SPLIT	操	心	操心+Lemma+Verb-Object+SPLIT+Head:操+Tail:心	碎MOD了ASPECT	碎:MOD+了:ASPECT	ASPECT		1.0	为了/P 这个/DT 家/NN ，/PU 由于/P 操碎/VV 了/AS 心/NN 。/PU	5	7	VV	NN	separate_tokens	pos_valid
51	动心	True		面对诱惑，他动了一点点心。	动心	Verb-Object	SPLIT	动	心	动心+Lemma+Verb-Object+SPLIT+Head:动+Tail:心	了ASPECT一NUM点点	了:ASPECT+一:NUM	ASPECT		0.5	面对/VV 诱惑/NN ，/PU 他/PN 动/VV 了/AS 一点点/CD 心/NN 。/PU	4	7	VV	NN	separate_tokens	pos_valid
52	上班	True		即使不舒服，她还是上了一天班。	上班	Verb-Object	SPLIT	上	班	上班+Lemma+Verb-Object+SPLIT+Head:上+Tail:班	了ASPECT一NUM天CLF	了:ASPECT+一:NUM+天:CLF	ASPECT_QUANT		1.0	即使/CS 不/AD 舒服/VA ，/PU 她/PN 还是/AD 上/VV 了/AS 一天/AD 班/NN 。/PU	6	9	VV	NN	separate_tokens	pos_valid
53	下班	True		还没下班，老板就走了。	下班	Verb-Object	WHOLE	下	班	下班+Lemma+Verb-Object+WHOLE+Head:下+Tail:班			EMPTY		0.5	还/AD 没/AD 下班/VV ，/PU 老板/NN 就/AD 走/VV 了/SP 。/PU	2	2	VV	VV	same_token	pos_valid
54	下班	True		下了班之后我们去逛街。	下班	Verb-Object	SPLIT	下	班	下班+Lemma+Verb-Object+SPLIT+Head:下+Tail:班	了ASPECT	了:ASPECT	ASPECT		1.0	下/VV 了/AS 班/NN 之后/LC 我们/PN 去/VV 逛街/VV 。/PU	0	2	VV	NN	separate_tokens	pos_valid
55	上学	True		他在这个城市上了六年学。	上学	Verb-Object	SPLIT	上	学	上学+Lemma+Verb-Object+SPLIT+Head:上+Tail:学	了ASPECT六NUM年CLF	了:ASPECT+六:NUM+年:CLF	ASPECT_QUANT		1.0	他/PN 在/P 这个/DT 城市/NN 上/VV 了/AS 六年/NT 学/NN 。/PU	4	7	VV	NN	separate_tokens	pos_valid
57	下课	True		下了课我们就去食堂。	下课	Verb-Object	SPLIT	下	课	下课+Lemma+Verb-Object+SPLIT+Head:下+Tail:课	了ASPECT	了:ASPECT	ASPECT		1.0	下/VV 了/AS 课/NN 我们/PN 就/AD 去/VV 食堂/NN 。/PU	0	2	VV	NN	separate_tokens	pos_valid
58	请假	True		身体不舒服，请了三天假。	请假	Verb-Object	SPLIT	请	假	请假+Lemma+Verb-Object+SPLIT+Head:请+Tail:假	了ASPECT三NUM天CLF	了:ASPECT+三:NUM+天:CLF	ASPECT_QUANT		1.0	身体/NN 不/AD 舒服/VA ，/PU 请/VV 了/AS 三天/JJ 假/NN 。/PU	4	7	VV	NN	separate_tokens	pos_valid
59	放假	True		五一劳动节放了三天假。	放假	Verb-Object	SPLIT	放	假	放假+Lemma+Verb-Object+SPLIT+Head:放+Tail:假	了ASPECT三NUM天CLF	了:ASPECT+三:NUM+天:CLF	ASPECT_QUANT		1.0	五一劳动节/NN 放/VV 了/AS 三天/JJ 假/NN 。/PU	1	4	VV	NN	separate_tokens	pos_valid
60	考试	True		为了准备考这场试，他通宵复习。	考试	Verb-Object	SPLIT	考	试	考试+Lemma+Verb-Object+SPLIT+Head:考+Tail:试	这DEM场CLF	这:DEM+场:CLF	QUANTIFIER		1.0	为了/P 准备/VV 考/VV 这/DT 场/M 试/NN ，/PU 他/PN 通宵/AD 复习/VV 。/PU	2	5	VV	NN	separate_tokens	pos_valid
61	毕业	True		毕了业以后打算去哪里？	毕业	Verb-Object	SPLIT	毕	业	毕业+Lemma+Verb-Object+SPLIT+Head:毕+Tail:业	了ASPECT	了:ASPECT	ASPECT		1.0	毕/VV 了/AS 业/NN 以后/LC 打算/VV 去/VV 哪里/PN ？/PU	0	2	VV	NN	separate_tokens	pos_valid
62	留学	True		他在英国留了三年学。	留学	Verb-Object	SPLIT	留	学	留学+Lemma+Verb-Object+SPLIT+Head:留+Tail:学	了ASPECT三NUM年CLF	了:ASPECT+三:NUM+年:CLF	ASPECT_QUANT		1.0	他/PN 在/P 英国/NR 留/VV 了/AS 三年/JJ 学/NN 。/PU	3	6	VV	NN	separate_tokens	pos_valid
63	报名	True		想参加比赛，得先报一个名。	报名	Verb-Object	SPLIT	报	名	报名+Lemma+Verb-Object+SPLIT+Head:报+Tail:名	一NUM个CLF	一:NUM+个:CLF	QUANTIFIER		1.0	想/VV 参加/VV 比赛/NN ，/PU 得/VV 先/AD 报/VV 一个/CD 名/NN 。/PU	6	8	VV	NN	separate_tokens	pos_valid
64	辞职	True		受不了老板的脾气，他辞了职。	辞职	Verb-Object	SPLIT	辞	职	辞职+Lemma+Verb-Object+SPLIT+Head:辞+Tail:职	了ASPECT	了:ASPECT	ASPECT		1.0	受不了/VV 老板/NN 的/DEG 脾气/NN ，/PU 他/PN 辞/VV 了/AS 职/NN 。/PU	6	8	VV	NN	separate_tokens	pos_valid
65	开会	True		下午在公司开了一个长会。	开会	Verb-Object	SPLIT	开	会	开会+Lemma+Verb-Object+SPLIT+Head:开+Tail:会	了ASPECT一NUM个CLF长MOD	了:ASPECT+一:NUM+个:CLF+长:MOD	ASPECT_QUANT		1.0	下午/NT 在/P 公司/NN 开/VV 了/AS 一个/CD 长会/NN 。/PU	3	6	VV	NN	separate_tokens	pos_valid
66	发言	True		作为代表，他在会上发了一次言。	发言	Verb-Object	SPLIT	发	言	发言+Lemma+Verb-Object+SPLIT+Head:发+Tail:言	了ASPECT一NUM次CLF	了:ASPECT+一:NUM+次:CLF	ASPECT_QUANT		1.0	作为/P 代表/NN ，/PU 他/PN 在/P 会上/NN 发/VV 了/AS 一次/CD 言/NN 。/PU	6	9	VV	NN	separate_tokens	pos_valid
67	值班	True		昨天晚上轮到我值了一个夜班。	上班	Verb-Object	SPLIT	上	班	上班+Lemma+Verb-Object+SPLIT+Head:上+Tail:班	轮到RES我PRO值了ASPECT一NUM个CLF夜	到:RES+我:PRO+了:ASPECT+一:NUM+个:CLF	ASPECT_QUANT		0.625	昨天/NT 晚上/NT 轮到/VV 我/PN 值/VV 了/AS 一个/CD 夜班/NN 。/PU	1	7	NT	NN	separate_tokens	pos_override_by_confidence:0.62;original:head_pos_invalid:NT
67	值班	True		昨天晚上轮到我值了一个夜班。	值班	Verb-Object	SPLIT	值	班	值班+Lemma+Verb-Object+SPLIT+Head:值+Tail:班	了ASPECT一NUM个CLF夜	了:ASPECT+一:NUM+个:CLF	ASPECT_QUANT		0.75	昨天/NT 晚上/NT 轮到/VV 我/PN 值/VV 了/AS 一个/CD 夜班/NN 。/PU	4	7	VV	NN	separate_tokens	pos_valid
68	加班	True		项目上线前，大家加了三个小时班。	加班	Verb-Object	SPLIT	加	班	加班+Lemma+Verb-Object+SPLIT+Head:加+Tail:班	了ASPECT三NUM个CLF小MOD时TIME	了:ASPECT+三:NUM+个:CLF+小:MOD+时:TIME	ASPECT_QUANT		1.0	项目/NN 上线/VV 前/LC ，/PU 大家/PN 加/VV 了/AS 三个小时/NN 班/NN 。/PU	5	8	VV	NN	separate_tokens	pos_valid
69	出差	True		下周要去上海出了一趟差。	出差	Verb-Object	SPLIT	出	差	出差+Lemma+Verb-Object+SPLIT+Head:出+Tail:差	了ASPECT一NUM趟CLF	了:ASPECT+一:NUM+趟:CLF	ASPECT_QUANT		1.0	下周/NT 要/VV 去/VV 上海/NR 出/VV 了/AS 一/CD 趟/M 差/NN 。/PU	4	8	VV	NN	separate_tokens	pos_valid
70	生病	True		去年冬天生了一场大病。	生病	Verb-Object	SPLIT	生	病	生病+Lemma+Verb-Object+SPLIT+Head:生+Tail:病	了ASPECT一NUM场CLF大MOD	了:ASPECT+一:NUM+场:CLF+大:MOD	ASPECT_QUANT		1.0	去年冬天/NT 生/VV 了/AS 一/CD 场/M 大/JJ 病/NN 。/PU	1	6	VV	NN	separate_tokens	pos_valid
71	住院	True		因为骨折，他在医院住了半个月院。	住院	Verb-Object	SPLIT	住	院	住院+Lemma+Verb-Object+SPLIT+Head:住+Tail:院	了ASPECT半NUM个CLF月CLF	了:ASPECT+半:NUM+个:CLF+月:CLF	ASPECT_QUANT		1.0	因为/P 骨折/NN ，/PU 他/PN 在/P 医院/NN 住/VV 了/AS 半个月/CD 院/NN 。/PU	6	9	VV	NN	separate_tokens	pos_valid
72	打针	True		护士轻轻地给他打了一针。	打针	Verb-Object	SPLIT	打	针	打针+Lemma+Verb-Object+SPLIT+Head:打+Tail:针	了ASPECT一NUM	了:ASPECT+一:NUM	ASPECT		1.0	护士/NN 轻轻/AD 地/DEV 给/P 他/PN 打/VV 了/AS 一/CD 针/M 。/PU	5	8	VV	M	separate_tokens	pos_valid
73	输液	True		发烧不退，只能去输了两瓶液。	输液	Verb-Object	SPLIT	输	液	输液+Lemma+Verb-Object+SPLIT+Head:输+Tail:液	了ASPECT两NUM瓶CLF	了:ASPECT+两:NUM+瓶:CLF	ASPECT_QUANT		1.0	发烧/VV 不/AD 退/VV ，/PU 只能/AD 去/VV 输/VV 了/AS 两瓶/CD 液/NN 。/PU	6	9	VV	NN	separate_tokens	pos_valid
74	挂号	True		好不容易挂了一个专家号。	挂号	Verb-Object	SPLIT	挂	号	挂号+Lemma+Verb-Object+SPLIT+Head:挂+Tail:号	了ASPECT一NUM个CLF专家	了:ASPECT+一:NUM+个:CLF	ASPECT_QUANT		0.6	好不容易/AD 挂/VV 了/AS 一个/CD 专家/NN 号/NN 。/PU	1	5	VV	NN	separate_tokens	pos_valid
75	把脉	True		老中医给他把了把脉。	把脉	Verb-Object	REDUP	把	脉	把脉+Lemma+Verb-Object+REDUP+Head:把+Tail:脉			REDUP_SKIP		1.0	老/JJ 中医/NN 给/P 他/PN 把/VV 了/AS 把/VV 脉/NN 。/PU	4	7	VV	NN	separate_tokens	pos_valid
76	减肥	True		坚持运动，终于减了十斤肥。	减肥	Verb-Object	SPLIT	减	肥	减肥+Lemma+Verb-Object+SPLIT+Head:减+Tail:肥	了ASPECT十NUM斤CLF	了:ASPECT+十:NUM+斤:CLF	ASPECT_QUANT		1.0	坚持/VV 运动/NN ，/PU 终于/AD 减/VV 了/AS 十斤/CD 肥/NN 。/PU	4	7	VV	NN	separate_tokens	pos_valid
77	鞠躬	True		表演结束，演员向观众鞠了一个躬。	鞠躬	Verb-Object	SPLIT	鞠	躬	鞠躬+Lemma+Verb-Object+SPLIT+Head:鞠+Tail:躬	了ASPECT一NUM个CLF	了:ASPECT+一:NUM+个:CLF	ASPECT_QUANT		1.0	表演/NN 结束/VV ，/PU 演员/NN 向/P 观众/NN 鞠/VV 了/AS 一个/CD 躬/NN 。/PU	6	9	VV	NN	separate_tokens	pos_valid
78	敬礼	True		士兵向国旗敬了一个礼。	敬礼	Verb-Object	SPLIT	敬	礼	敬礼+Lemma+Verb-Object+SPLIT+Head:敬+Tail:礼	了ASPECT一NUM个CLF	了:ASPECT+一:NUM+个:CLF	ASPECT_QUANT		1.0	士兵/NN 向/P 国旗/NN 敬/VV 了/AS 一个/CD 礼/NN 。/PU	3	6	VV	NN	separate_tokens	pos_valid
79	站岗	True		无论风雨，都要站好这一班岗。	站岗	Verb-Object	SPLIT	站	岗	站岗+Lemma+Verb-Object+SPLIT+Head:站+Tail:岗	好MOD这DEM一NUM班CLF	好:MOD+这:DEM+一:NUM+班:CLF	QUANTIFIER		1.0	无论/AD 风雨/NN ，/PU 都/AD 要/VV 站好/VV 这/DT 一/CD 班/M 岗/NN 。/PU	5	9	VV	NN	separate_tokens	pos_valid
80	吃苦	True		年轻的时候多吃一点苦没关系。	吃苦	Verb-Object	SPLIT	吃	苦	吃苦+Lemma+Verb-Object+SPLIT+Head:吃+Tail:苦	一NUM点	一:NUM	UNKNOWN		0.5	年轻/VA 的/DEC 时候/NN 多/AD 吃/VV 一点/CD 苦/NN 没关系/VV 。/PU	4	6	VV	NN	separate_tokens	pos_valid
81	吃亏	True		虽然吃了个大亏，但也长了记性。	吃亏	Verb-Object	SPLIT	吃	亏	吃亏+Lemma+Verb-Object+SPLIT+Head:吃+Tail:亏	了ASPECT个CLF大MOD	了:ASPECT+个:CLF+大:MOD	ASPECT		1.0	虽然/CS 吃/VV 了/AS 个/M 大/JJ 亏/NN ，/PU 但/AD 也/AD 长/VV 了/AS 记性/NN 。/PU	1	5	VV	NN	separate_tokens	pos_valid
82	受罪	True		这趟旅行简直是花钱受了老大的罪。	受罪	Verb-Object	SPLIT	受	罪	受罪+Lemma+Verb-Object+SPLIT+Head:受+Tail:罪	了ASPECT老MOD大MOD的DE	了:ASPECT+老:MOD+大:MOD+的:DE	ASPECT		1.0	这/DT 趟/M 旅行/NN 简直/AD 是/VC 花钱/VV 受/VV 了/AS 老大/NN 的/DEG 罪/NN 。/PU	6	10	VV	NN	separate_tokens	pos_valid
83	看病	True		去医院看个病真难。	看病	Verb-Object	SPLIT	看	病	看病+Lemma+Verb-Object+SPLIT+Head:看+Tail:病	个CLF	个:CLF	QUANTIFIER		1.0	去/VV 医院/NN 看/VV 个/AS 病/NN 真/AD 难/VA 。/PU	2	4	VV	NN	separate_tokens	pos_valid
84	跳舞	True		她在晚会上跳了一支优美的舞。	跳舞	Verb-Object	SPLIT	跳	舞	跳舞+Lemma+Verb-Object+SPLIT+Head:跳+Tail:舞	了ASPECT一NUM支CLF优MOD美MOD的DE	了:ASPECT+一:NUM+支:CLF+优:MOD+美:MOD+的:DE	ASPECT_QUANT		1.0	她/PN 在/P 晚会/NN 上/LC 跳/VV 了/AS 一/CD 支/M 优美/VA 的/DEC 舞/NN 。/PU	4	10	VV	NN	separate_tokens	pos_valid
85	唱歌	True		他很高兴，就唱了一首歌。	唱歌	Verb-Object	SPLIT	唱	歌	唱歌+Lemma+Verb-Object+SPLIT+Head:唱+Tail:歌	了ASPECT一NUM首CLF	了:ASPECT+一:NUM+首:CLF	ASPECT_QUANT		1.0	他/PN 很/AD 高兴/VA ，/PU 就/AD 唱/VV 了/AS 一/CD 首/M 歌/NN 。/PU	5	9	VV	NN	separate_tokens	pos_valid
86	出院	True		等出了院就好了。	出院	Verb-Object	SPLIT	出	院	出院+Lemma+Verb-Object+SPLIT+Head:出+Tail:院	了ASPECT	了:ASPECT	ASPECT		1.0	等/P 出/VV 了/AS 院/NN 就/AD 好/VA 了/SP 。/PU	1	3	VV	NN	separate_tokens	pos_valid
87	游泳	True		夏天去海边游了一次泳。	游泳	Verb-Object	SPLIT	游	泳	游泳+Lemma+Verb-Object+SPLIT+Head:游+Tail:泳	了ASPECT一NUM次CLF	了:ASPECT+一:NUM+次:CLF	ASPECT_QUANT		1.0	夏天/NT 去/VV 海边/NN 游/VV 了/AS 一次/AD 泳/NN 。/PU	3	6	VV	NN	separate_tokens	pos_valid
88	划船	True		我们在湖上划了一会儿船。	划船	Verb-Object	SPLIT	划	船	划船+Lemma+Verb-Object+SPLIT+Head:划+Tail:船	了ASPECT一NUM会TIME儿TIME	了:ASPECT+一:NUM+会:TIME+儿:TIME	ASPECT		1.0	我们/PN 在/P 湖/NN 上/LC 划/VV 了/AS 一会儿/AD 船/NN 。/PU	4	7	VV	NN	separate_tokens	pos_valid
89	钓鱼	True		周末去水库钓了一天鱼。	钓鱼	Verb-Object	SPLIT	钓	鱼	钓鱼+Lemma+Verb-Object+SPLIT+Head:钓+Tail:鱼	了ASPECT一NUM天CLF	了:ASPECT+一:NUM+天:CLF	ASPECT_QUANT		1.0	周末/NT 去/VV 水库/NN 钓/VV 了/AS 一天/AD 鱼/NN 。/PU	3	6	VV	NN	separate_tokens	pos_valid
90	滑冰	True		冬天去什刹海滑了一次冰。	滑冰	Verb-Object	SPLIT	滑	冰	滑冰+Lemma+Verb-Object+SPLIT+Head:滑+Tail:冰	了ASPECT一NUM次CLF	了:ASPECT+一:NUM+次:CLF	ASPECT_QUANT		1.0	冬天/NT 去/VV 什刹海/NR 滑/VV 了/AS 一次/AD 冰/NN 。/PU	3	6	VV	NN	separate_tokens	pos_valid
91	签名	True		明星给粉丝签了一个名。	签名	Verb-Object	SPLIT	签	名	签名+Lemma+Verb-Object+SPLIT+Head:签+Tail:名	了ASPECT一NUM个CLF	了:ASPECT+一:NUM+个:CLF	ASPECT_QUANT		1.0	明星/NN 给/P 粉丝/NN 签/VV 了/AS 一个/CD 名/NN 。/PU	3	6	VV	NN	separate_tokens	pos_valid
92	排队	True		买网红奶茶排了半天队。	排队	Verb-Object	SPLIT	排	队	排队+Lemma+Verb-Object+SPLIT+Head:排+Tail:队	了ASPECT半NUM天CLF	了:ASPECT+半:NUM+天:CLF	ASPECT_QUANT		1.0	买/VV 网红/NR 奶茶/NR 排/VV 了/AS 半天/AD 队/NN 。/PU	3	6	VV	NN	separate_tokens	pos_valid
93	打工	True		辛苦了一辈子，终于退休了。	退休	Verb-Object	WHOLE	退	休	退休+Lemma+Verb-Object+WHOLE+Head:退+Tail:休			EMPTY		0.5	辛苦/VA 了/AS 一辈子/NN ，/PU 终于/AD 退休/VV 了/AS 。/PU	5	5	VV	VV	same_token	pos_valid
94	戒烟	True		为了健康，他彻底戒了烟。	戒烟	Verb-Object	SPLIT	戒	烟	戒烟+Lemma+Verb-Object+SPLIT+Head:戒+Tail:烟	了ASPECT	了:ASPECT	ASPECT		1.0	为了/P 健康/NN ，/PU 他/PN 彻底/AD 戒/VV 了/AS 烟/NN 。/PU	5	7	VV	NN	separate_tokens	pos_valid
95	回家	True		春节一定要回了一趟家。	回家	Verb-Object	SPLIT	回	家	回家+Lemma+Verb-Object+SPLIT+Head:回+Tail:家	了ASPECT一NUM趟CLF	了:ASPECT+一:NUM+趟:CLF	ASPECT_QUANT		1.0	春节/NT 一定/AD 要/VV 回/VV 了/AS 一/CD 趟/M 家/NN 。/PU	3	7	VV	NN	separate_tokens	pos_valid
96	死心	True		既然不可能，你就死了这条心吧。	死心	Verb-Object	SPLIT	死	心	死心+Lemma+Verb-Object+SPLIT+Head:死+Tail:心	了ASPECT这DEM条CLF	了:ASPECT+这:DEM+条:CLF	ASPECT		1.0	既然/CS 不可能/VV ，/PU 你/PN 就/AD 死/VV 了/AS 这/DT 条/M 心/NN 吧/SP 。/PU	5	9	VV	NN	separate_tokens	pos_valid
97	挑水	True		和尚下山挑了一担水。	挑水	Verb-Object	SPLIT	挑	水	挑水+Lemma+Verb-Object+SPLIT+Head:挑+Tail:水	了ASPECT一NUM担CLF	了:ASPECT+一:NUM+担:CLF	ASPECT_QUANT		1.0	和尚/NR 下山/VV 挑/VV 了/AS 一/CD 担/M 水/NN 。/PU	2	6	VV	NN	separate_tokens	pos_valid
98	受伤	True		他在比赛中受了很重的伤。	受伤	Verb-Object	SPLIT	受	伤	受伤+Lemma+Verb-Object+SPLIT+Head:受+Tail:伤	了ASPECT很MOD重MOD的DE	了:ASPECT+很:MOD+重:MOD+的:DE	ASPECT		1.0	他/PN 在/P 比赛/NN 中/LC 受/VV 了/AS 很/AD 重/VA 的/DEC 伤/NN 。/PU	4	9	VV	NN	separate_tokens	pos_valid
99	散心	True		她心情不好，想出去散散心。	散心	Verb-Object	REDUP	散	心	散心+Lemma+Verb-Object+REDUP+Head:散+Tail:心			REDUP_SKIP		1.0	她/PN 心情/NN 不好/VV ，/PU 想/VV 出去/VV 散散心/VV 。/PU	6	6	VV	VV	same_token	pos_valid
100	扫兴	True		这件事真是扫了大家的兴。	扫兴	Verb-Object	SPLIT	扫	兴	扫兴+Lemma+Verb-Object+SPLIT+Head:扫+Tail:兴	了ASPECT大MOD家的DE	了:ASPECT+大:MOD+的:DE	ASPECT		0.75	这/DT 件/M 事/NN 真是/AD 扫/VV 了/AS 大家/PN 的/DEG 兴/NN 。/PU	4	8	VV	NN	separate_tokens	pos_valid
101	领情	True		我好心帮你，你却不领我的情。	领情	Verb-Object	SPLIT	领	情	领情+Lemma+Verb-Object+SPLIT+Head:领+Tail:情	我PRO的DE	我:PRO+的:DE	PRONOUN_DE		1.0	我/PN 好心/AD 帮/VV 你/PN ，/PU 你/PN 却/AD 不/AD 领/VV 我/PN 的/DEG 情/NN 。/PU	8	11	VV	NN	separate_tokens	pos_valid
102	送礼	True		过节去亲戚家送了一份厚礼。	送礼	Verb-Object	SPLIT	送	礼	送礼+Lemma+Verb-Object+SPLIT+Head:送+Tail:礼	了ASPECT一NUM份CLF厚MOD	了:ASPECT+一:NUM+份:CLF+厚:MOD	ASPECT_QUANT		1.0	过节/VV 去/VV 亲戚家/NN 送/VV 了/AS 一/CD 份/M 厚礼/NN 。/PU	3	7	VV	NN	separate_tokens	pos_valid
103	拌嘴	True		小两口经常拌几句嘴。	拌嘴	Verb-Object	SPLIT	拌	嘴	拌嘴+Lemma+Verb-Object+SPLIT+Head:拌+Tail:嘴	几NUM句CLF	几:NUM+句:CLF	QUANTIFIER		1.0	小两口/NN 经常/AD 拌/VV 几句/CD 嘴/NN 。/PU	2	4	VV	NN	separate_tokens	pos_valid
104	叹气	True		遇到困难，他无奈地叹了一口气。	叹气	Verb-Object	SPLIT	叹	气	叹气+Lemma+Verb-Object+SPLIT+Head:叹+Tail:气	了ASPECT一NUM口CLF	了:ASPECT+一:NUM+口:CLF	ASPECT_QUANT		1.0	遇到/VV 困难/NN ，/PU 他/PN 无奈/VA 地/DEV 叹/VV 了/AS 一口气/NN 。/PU	6	8	VV	NN	separate_tokens	pos_valid
105	丢脸	True		在这么多人面前摔倒，真是丢尽了脸。	丢脸	Verb-Object	SPLIT	丢	脸	丢脸+Lemma+Verb-Object+SPLIT+Head:丢+Tail:脸	尽MOD了ASPECT	尽:MOD+了:ASPECT	ASPECT		1.0	在/P 这么/AD 多/CD 人/NN 面前/LC 摔倒/VV ，/PU 真是/AD 丢尽/VV 了/AS 脸/NN 。/PU	8	10	VV	NN	separate_tokens	pos_valid
106	接吻	True		他们当街接了个法式湿吻。	接吻	Verb-Object	SPLIT	接	吻	接吻+Lemma+Verb-Object+SPLIT+Head:接+Tail:吻	了ASPECT个CLF法式湿	了:ASPECT+个:CLF	ASPECT		0.4	他们/PN 当街/AD 接/VV 了/AS 个/M 法式/JJ 湿/NN 吻/NN 。/PU	2	7	VV	NN	separate_tokens	pos_valid
107	开枪	True		嫌疑人对着沙滩上聚集的人群开了三枪。	开枪	Verb-Object	SPLIT	开	枪	开枪+Lemma+Verb-Object+SPLIT+Head:开+Tail:枪	了ASPECT三NUM	了:ASPECT+三:NUM	ASPECT		1.0	嫌疑人/NN 对着/P 沙滩/NN 上/LC 聚集/VV 的/DEC 人群/NN 开/VV 了/AS 三枪/NN 。/PU	7	9	VV	NN	separate_tokens	pos_valid
108	受骗	True		因为贪便宜，老人受了一次骗。	受骗	Verb-Object	SPLIT	受	骗	受骗+Lemma+Verb-Object+SPLIT+Head:受+Tail:骗	了ASPECT一NUM次CLF	了:ASPECT+一:NUM+次:CLF	ASPECT_QUANT		1.0	因为/P 贪便宜/VV ，/PU 老人/NN 受/VV 了/AS 一次/CD 骗/NN 。/PU	4	7	VV	NN	separate_tokens	pos_valid
109	挨批	True		工作没做好，挨了一顿批。	挨批	Verb-Object	SPLIT	挨	批	挨批+Lemma+Verb-Object+SPLIT+Head:挨+Tail:批	了ASPECT一NUM顿CLF	了:ASPECT+一:NUM+顿:CLF	ASPECT_QUANT		1.0	工作/NN 没/AD 做好/VV ，/PU 挨/VV 了/AS 一/CD 顿/M 批/NN 。/PU	4	8	VV	NN	separate_tokens	pos_valid
110	干杯	True		为了我们的友谊，干了这杯！	干杯	Verb-Object	SPLIT	干	杯	干杯+Lemma+Verb-Object+SPLIT+Head:干+Tail:杯	了ASPECT这DEM	了:ASPECT+这:DEM	ASPECT		1.0	为了/P 我们/PN 的/DEG 友谊/NN ，/PU 干/VV 了/AS 这/DT 杯/M ！/PU	5	8	VV	M	separate_tokens	pos_valid
111	革命	True		如果再不改革，就是革自己的命。	革命	Verb-Object	SPLIT	革	命	革命+Lemma+Verb-Object+SPLIT+Head:革+Tail:命	，就是革自PRO己PRO的DE	自:PRO+己:PRO+的:DE	PRONOUN_DE		0.42857142857142855	如果/CS 再不/AD 改革/VV ，/PU 就/AD 是/VC 革/VV 自己/PN 的/DEG 命/NN 。/PU	2	9	VV	NN	separate_tokens	pos_valid
112	造反	True		这孩子真不听话，是要造谁的反？	造反	Verb-Object	SPLIT	造	反	造反+Lemma+Verb-Object+SPLIT+Head:造+Tail:反	谁PRO的DE	谁:PRO+的:DE	PRONOUN_DE		1.0	这/DT 孩子/NN 真/AD 不/AD 听话/VV ，/PU 是/VC 要/VV 造/VV 谁/PN 的/SP 反/AD ？/PU	8	11	VV	AD	separate_tokens	pos_override_by_confidence:1.00;original:tail_pos_blacklisted:AD
113	退休	True		还没到年纪，他就退了休。	退休	Verb-Object	SPLIT	退	休	退休+Lemma+Verb-Object+SPLIT+Head:退+Tail:休	了ASPECT	了:ASPECT	ASPECT		1.0	还/AD 没/AD 到/VV 年纪/NN ，/PU 他/PN 就/AD 退/VV 了/AS 休/VV 。/PU	7	9	VV	VV	separate_tokens	pos_valid
114	出事	True		他们家出了点事。	出事	Verb-Object	SPLIT	出	事	出事+Lemma+Verb-Object+SPLIT+Head:出+Tail:事	了ASPECT点	了:ASPECT	ASPECT		0.5	他们/PN 家/NN 出/VV 了/AS 点/M 事/NN 。/PU	2	5	VV	NN	separate_tokens	pos_valid
115	把关	True		质量问题一定要把好关。	把关	Verb-Object	SPLIT	把	关	把关+Lemma+Verb-Object+SPLIT+Head:把+Tail:关	好MOD	好:MOD	MODIFIER		1.0	质量/NN 问题/NN 一定/AD 要/VV 把好/VV 关/NN 。/PU	4	5	VV	NN	separate_tokens	pos_valid
116	施肥	True		春天到了，给庄稼施了一遍肥。	施肥	Verb-Object	SPLIT	施	肥	施肥+Lemma+Verb-Object+SPLIT+Head:施+Tail:肥	了ASPECT一NUM遍CLF	了:ASPECT+一:NUM+遍:CLF	ASPECT_QUANT		1.0	春天/NT 到/VV 了/AS ，/PU 给/P 庄稼/NN 施/VV 了/AS 一遍/CD 肥/NN 。/PU	6	9	VV	NN	separate_tokens	pos_valid
117	倒霉	True		出门踩到泥，真是倒了大霉。	倒霉	Verb-Object	SPLIT	倒	霉	倒霉+Lemma+Verb-Object+SPLIT+Head:倒+Tail:霉	了ASPECT大MOD	了:ASPECT+大:MOD	ASPECT		1.0	出门/VV 踩到/VV 泥/NN ，/PU 真是/AD 倒/VV 了/AS 大霉/NN 。/PU	5	7	VV	NN	separate_tokens	pos_valid
118	提醒	True		谢谢你，真是给我提了个醒。	提醒	PseudoV-O	SPLIT	提	醒	提醒+Lemma+PseudoV-O+SPLIT+Head:提+Tail:醒	了ASPECT个CLF	了:ASPECT+个:CLF	ASPECT		1.0	谢谢/VV 你/PN ，/PU 真是/AD 给/P 我/PN 提/VV 了/AS 个/M 醒/NN 。/PU	6	9	VV	NN	separate_tokens	pos_valid
119	出恭	True		皇帝上朝前出了一次恭。	出恭	PseudoV-O	SPLIT	出	恭	出恭+Lemma+PseudoV-O+SPLIT+Head:出+Tail:恭	了ASPECT一NUM次CLF	了:ASPECT+一:NUM+次:CLF	ASPECT_QUANT		1.0	皇帝/NN 上朝/VV 前/LC 出/VV 了/AS 一次/AD 恭/NN 。/PU	3	6	VV	NN	separate_tokens	pos_valid
120	将军	True		这一步棋真是将了他一军。	将军	PseudoV-O	SPLIT	将	军	将军+Lemma+PseudoV-O+SPLIT+Head:将+Tail:军	了ASPECT他PRO一NUM	了:ASPECT+他:PRO+一:NUM	ASPECT		1.0	这/DT 一/CD 步/M 棋/NN 真是/AD 将/VV 了/AS 他/PN 一/CD 军/NN 。/PU	5	9	VV	NN	separate_tokens	pos_valid
121	学习	True		周末准备在家学三小时习。	学习	PseudoV-O	SPLIT	学	习	学习+Lemma+PseudoV-O+SPLIT+Head:学+Tail:习	三NUM小MOD时TIME	三:NUM+小:MOD+时:TIME	MODIFIER		1.0	周末/NT 准备/VV 在家/VV 学/VV 三小时/NN 习/VV 。/PU	3	5	VV	VV	separate_tokens	pos_valid
122	慷慨	True		这些贪官都是在慷国家之慨。	慷慨	SimplexWord	SPLIT	慷	慨	慷慨+Lemma+SimplexWord+SPLIT+Head:慷+Tail:慨	国家之DE	之:DE	UNKNOWN		0.3333333333333333	这些/DT 贪官/NN 都是/AD 在/AD 慷/VV 国家/NN 之/DEG 慨/NN 。/PU	4	7	VV	NN	separate_tokens	pos_valid
123	慷慨	True		你这是慷他人之慨。	慷慨	SimplexWord	SPLIT	慷	慨	慷慨+Lemma+SimplexWord+SPLIT+Head:慷+Tail:慨	他PRO人之DE	他:PRO+之:DE	PRONOUN_DE		0.6666666666666666	你/PN 这是/AD 慷/NR 他人/NN 之/DEG 慨/NN 。/PU	2	5	NR	NN	separate_tokens	pos_override_by_confidence:0.67;original:head_pos_invalid:NR
124	幽默	True		人生苦短，何不幽他一默。	幽默	SimplexWord	SPLIT	幽	默	幽默+Lemma+SimplexWord+SPLIT+Head:幽+Tail:默	他PRO一NUM	他:PRO+一:NUM	PRONOUN		1.0	人生/NN 苦短/VA ，/PU 何不/AD 幽/VV 他/PN 一/CD 默/NN 。/PU	4	7	VV	NN	separate_tokens	pos_valid
125	滑稽	True		这种说法简直是滑天下之大稽。	滑稽	SimplexWord	SPLIT	滑	稽	滑稽+Lemma+SimplexWord+SPLIT+Head:滑+Tail:稽	天CLF下CLF之DE大MOD	天:CLF+下:CLF+之:DE+大:MOD	QUANTIFIER		1.0	这种/DT 说法/NN 简直/AD 是/VC 滑天下之大稽/VV 。/PU	4	4	VV	VV	same_token	pos_valid
126	小便	True		刚刚去厕所小了一次便。	小便	Modifier-Head	SPLIT	小	便	小便+Lemma+Modifier-Head+SPLIT+Head:小+Tail:便	了ASPECT一NUM次CLF	了:ASPECT+一:NUM+次:CLF	ASPECT_QUANT		1.0	刚刚/AD 去/VV 厕所/NN 小/VA 了/AS 一次/AD 便/VA 。/PU	3	6	VA	VA	separate_tokens	pos_valid
127	大便	True		如果不舒服，可能大不出来便。	大便	Modifier-Head	SPLIT	大	便	大便+Lemma+Modifier-Head+SPLIT+Head:大+Tail:便	不RES出来	不:RES	RESULTATIVE		0.3333333333333333	如果/CS 不/AD 舒服/VA ，/PU 可能/VV 大/VA 不/AD 出来/VV 便/VA 。/PU	5	8	VA	VA	separate_tokens	pos_valid
128	军训	True		大一新生刚军完了训。	军训	Modifier-Head	SPLIT	军	训	军训+Lemma+Modifier-Head+SPLIT+Head:军+Tail:训	完RES了ASPECT	完:RES+了:ASPECT	ASPECT		1.0	大一/NN 新生/NN 刚/AD 军/VV 完/VV 了/AS 训/VV 。/PU	3	6	VV	VV	separate_tokens	pos_valid
129	体检	True		入职前体了个检，所幸一切正常。	体检	Modifier-Head	SPLIT	体	检	体检+Lemma+Modifier-Head+SPLIT+Head:体+Tail:检	了ASPECT个CLF	了:ASPECT+个:CLF	ASPECT		1.0	入职/VV 前/LC 体/VV 了/AS 个/M 检/NN ，/PU 所幸/AD 一切/PN 正常/VA 。/PU	2	5	VV	NN	separate_tokens	pos_valid
130	同学	True		我和他虽然同过三年学，但不熟。	同学	Modifier-Head	SPLIT	同	学	同学+Lemma+Modifier-Head+SPLIT+Head:同+Tail:学	过ASPECT三NUM年CLF	过:ASPECT+三:NUM+年:CLF	ASPECT_QUANT		1.0	我/PN 和/CC 他/PN 虽然/CS 同/AD 过/VV 三年/NT 学/NN ，/PU 但/AD 不/AD 熟/VA 。/PU	4	7	AD	NN	separate_tokens	pos_valid
131	散步	True		晚饭后我们去散散步。	散步	Verb-Object	REDUP	散	步	散步+Lemma+Verb-Object+REDUP+Head:散+Tail:步			REDUP_SKIP		1.0	晚饭/NN 后/LC 我们/PN 去/VV 散散步/VV 。/PU	4	4	VV	VV	same_token	pos_valid
132	见面	True		好久不见，咱们见一见面吧。	见面	Verb-Object	REDUP	见	面	见面+Lemma+Verb-Object+REDUP+Head:见+Tail:面			REDUP_SKIP		1.0	好久/AD 不见/VV ，/PU 咱们/PN 见/VV 一/CD 见面/VV 吧/SP 。/PU	1	6	VV	VV	separate_tokens	pos_valid
133	聊天	True		周末找个咖啡馆聊聊天。	聊天	Verb-Object	REDUP	聊	天	聊天+Lemma+Verb-Object+REDUP+Head:聊+Tail:天			REDUP_SKIP		1.0	周末/NT 找/VV 个/M 咖啡馆/NN 聊聊天/VV 。/PU	4	4	VV	VV	same_token	pos_valid
134	睡觉	True		困了就去睡一睡觉休息一下。	睡觉	Verb-Object	REDUP	睡	觉	睡觉+Lemma+Verb-Object+REDUP+Head:睡+Tail:觉			REDUP_SKIP		1.0	困/VA 了/AS 就/AD 去/VV 睡/VV 一/CD 睡觉/VV 休息/VV 一下/AD 。/PU	4	6	VV	VV	separate_tokens	pos_valid
135	把脉	True		医生给他把把脉。	把脉	Verb-Object	REDUP	把	脉	把脉+Lemma+Verb-Object+REDUP+Head:把+Tail:脉			REDUP_SKIP		1.0	医生/NN 给/P 他/PN 把把脉/VV 。/PU	3	3	VV	VV	same_token	pos_valid
136	洗澡	True		身上脏了，去洗洗澡。	洗澡	Verb-Object	REDUP	洗	澡	洗澡+Lemma+Verb-Object+REDUP+Head:洗+Tail:澡			REDUP_SKIP		1.0	身上/NN 脏/VA 了/SP ，/PU 去/VV 洗洗澡/VV 。/PU	5	5	VV	VV	same_token	pos_valid
137	鼓掌	True		观众为精彩的表演鼓了鼓掌。	鼓掌	Verb-Object	REDUP	鼓	掌	鼓掌+Lemma+Verb-Object+REDUP+Head:鼓+Tail:掌			REDUP_SKIP		1.0	观众/NN 为/P 精彩/VA 的/DEC 表演/NN 鼓/VV 了/AS 鼓掌/NN 。/PU	5	7	VV	NN	separate_tokens	pos_valid
138	敲门	True		狼外婆敲了敲门。	敲门	Verb-Object	REDUP	敲	门	敲门+Lemma+Verb-Object+REDUP+Head:敲+Tail:门			REDUP_SKIP		1.0	狼/NN 外婆/NN 敲/VV 了/AS 敲门/NN 。/PU	2	4	VV	NN	separate_tokens	pos_valid
139	把关	True		你可得好好给咱们女儿把把关呐。	把关	Verb-Object	REDUP	把	关	把关+Lemma+Verb-Object+REDUP+Head:把+Tail:关			REDUP_SKIP		1.0	你/PN 可得/VV 好好/AD 给/P 咱们/PN 女儿/NN 把把关/VV 呐/SP 。/PU	6	6	VV	VV	same_token	pos_valid
140	拌嘴	True		小两口偶尔拌拌嘴很正常。	拌嘴	Verb-Object	REDUP	拌	嘴	拌嘴+Lemma+Verb-Object+REDUP+Head:拌+Tail:嘴			REDUP_SKIP		1.0	小两口/NN 偶尔/AD 拌拌嘴/VV 很/AD 正常/VA 。/PU	2	2	VV	VV	same_token	pos_valid
141	打球	True		他周末喜欢打打球。	打球	Verb-Object	REDUP	打	球	打球+Lemma+Verb-Object+REDUP+Head:打+Tail:球			REDUP_SKIP		1.0	他/PN 周末/NT 喜欢/VV 打打球/VV 。/PU	3	3	VV	VV	same_token	pos_valid
142	看病	True		我们要带奶奶去看看病。	看病	Verb-Object	REDUP	看	病	看病+Lemma+Verb-Object+REDUP+Head:看+Tail:病			REDUP_SKIP		1.0	我们/PN 要/VV 带/VV 奶奶/NN 去/VV 看看病/VV 。/PU	5	5	VV	VV	same_token	pos_valid
143	开会	True		我们来开开会商讨一下。	开会	Verb-Object	REDUP	开	会	开会+Lemma+Verb-Object+REDUP+Head:开+Tail:会			REDUP_SKIP		1.0	我们/PN 来/VV 开开会/VV 商讨/VV 一下/AD 。/PU	2	2	VV	VV	same_token	pos_valid
144	输液	True		只是要输输液而已。	输液	Verb-Object	REDUP	输	液	输液+Lemma+Verb-Object+REDUP+Head:输+Tail:液			REDUP_SKIP		1.0	只是/AD 要/VV 输输液/VV 而已/SP 。/PU	2	2	VV	VV	same_token	pos_valid
145	游泳	True		他等下要去游游泳。	游泳	Verb-Object	REDUP	游	泳	游泳+Lemma+Verb-Object+REDUP+Head:游+Tail:泳			REDUP_SKIP		1.0	他/PN 等/VV 下/AD 要/VV 去/VV 游游泳/VV 。/PU	5	5	VV	VV	same_token	pos_valid
146	请客	True		该你请请客了。	请客	Verb-Object	REDUP	请	客	请客+Lemma+Verb-Object+REDUP+Head:请+Tail:客			REDUP_SKIP		1.0	该/VV 你/PN 请请客/VV 了/SP 。/PU	2	2	VV	VV	same_token	pos_valid
147	放假	True		给孩子们放放假吧。	放假	Verb-Object	REDUP	放	假	放假+Lemma+Verb-Object+REDUP+Head:放+Tail:假			REDUP_SKIP		1.0	给/P 孩子/NN 们/NN 放放假/VV 吧/SP 。/PU	3	3	VV	VV	same_token	pos_valid
148	加班	True		要辛苦你加加班了。	加班	Verb-Object	REDUP	加	班	加班+Lemma+Verb-Object+REDUP+Head:加+Tail:班			REDUP_SKIP		1.0	要/VV 辛苦/VV 你/PN 加加班/VV 了/SP 。/PU	3	3	VV	VV	same_token	pos_valid
154	走路	False	COINCIDENCE	我走在乡间的小路上。	走路	Verb-Object	SPLIT	走	路	走路+Lemma+Verb-Object+SPLIT+Head:走+Tail:路	在乡间的DE小MOD	的:DE+小:MOD	MODIFIER_DE		0.4	我/PN 走/VV 在/P 乡间/NN 的/DEG 小路/NN 上/LC 。/PU	1	5	VV	NN	separate_tokens	pos_valid
155	跑步	False	COINCIDENCE	他跑完了这一步棋。	跑步	Verb-Object	SPLIT	跑	步	跑步+Lemma+Verb-Object+SPLIT+Head:跑+Tail:步	完RES了ASPECT这DEM一NUM	完:RES+了:ASPECT+这:DEM+一:NUM	ASPECT		1.0	他/PN 跑完/VV 了/AS 这/DT 一/CD 步/M 棋/NN 。/PU	1	5	VV	M	separate_tokens	pos_valid
157	上网	False	COINCIDENCE	蜘蛛爬上了高高的网架。	上网	Verb-Object	SPLIT	上	网	上网+Lemma+Verb-Object+SPLIT+Head:上+Tail:网	了ASPECT高MOD高MOD的DE	了:ASPECT+高:MOD+高:MOD+的:DE	ASPECT		1.0	蜘蛛/NN 爬上/VV 了/AS 高高/JJ 的/DEG 网架/NN 。/PU	1	5	VV	NN	separate_tokens	pos_valid
162	写字	False	COINCIDENCE	请在纸上写下你的名字。	写字	Verb-Object	SPLIT	写	字	写字+Lemma+Verb-Object+SPLIT+Head:写+Tail:字	下CLF你PRO的DE名	下:CLF+你:PRO+的:DE	QUANTIFIER		0.75	请/VV 在/P 纸/NN 上/LC 写下/VV 你/PN 的/DEG 名字/NN 。/PU	4	7	VV	NN	separate_tokens	pos_valid
170	聊天	False	COINCIDENCE	英国的人喜欢聊天气。	聊天	Verb-Object	WHOLE	聊	天	聊天+Lemma+Verb-Object+WHOLE+Head:聊+Tail:天			EMPTY		0.5	英国/NR 的/DEG 人/NN 喜欢/VV 聊/VV 天气/NN 。/PU	4	5	VV	NN	separate_tokens	pos_valid
179	拜年	False	COINCIDENCE	礼拜天年轻人都在休息。	拜年	Verb-Object	SPLIT	拜	年	拜年+Lemma+Verb-Object+SPLIT+Head:拜+Tail:年	天CLF	天:CLF	QUANTIFIER		1.0	礼拜天/NT 年轻人/NN 都/AD 在/AD 休息/VV 。/PU	0	1	NT	NN	separate_tokens	pos_override_by_confidence:1.00;original:head_pos_invalid:NT
187	告状	False	COINCIDENCE	他详细报告了目前的状况。	告状	Verb-Object	SPLIT	告	状	告状+Lemma+Verb-Object+SPLIT+Head:告+Tail:状	了ASPECT目前的DE	了:ASPECT+的:DE	ASPECT		0.5	他/PN 详细/AD 报告/VV 了/AS 目前/NT 的/DEG 状况/NN 。/PU	2	6	VV	NN	separate_tokens	pos_valid
193	吃醋	False	COINCIDENCE	你吃饺子不配醋吗？	吃醋	Verb-Object	SPLIT	吃	醋	吃醋+Lemma+Verb-Object+SPLIT+Head:吃+Tail:醋	饺子TIME不RES配	子:TIME+不:RES	RESULTATIVE		0.5	你/PN 吃/VV 饺子/NN 不配/VV 醋/NN 吗/SP ？/PU	1	4	VV	NN	separate_tokens	pos_valid
212	值班	False	COINCIDENCE	他值得全班的表扬。	值班	Verb-Object	SPLIT	值	班	值班+Lemma+Verb-Object+SPLIT+Head:值+Tail:班	得RES全	得:RES	RESULTATIVE		0.5	他/PN 值得/VV 全班/NN 的/DEG 表扬/NN 。/PU	1	2	VV	NN	separate_tokens	pos_valid
223	吃苦	False	COINCIDENCE	他吃了一口苦瓜。	吃苦	Verb-Object	SPLIT	吃	苦	吃苦+Lemma+Verb-Object+SPLIT+Head:吃+Tail:苦	了ASPECT一NUM口CLF	了:ASPECT+一:NUM+口:CLF	ASPECT_QUANT		1.0	他/PN 吃/VV 了/AS 一/CD 口/M 苦瓜/NN 。/PU	1	5	VV	NN	separate_tokens	pos_valid
261	将军	False	COINCIDENCE	我们将军法处置，严惩不贷。	将军	PseudoV-O	WHOLE	将	军	将军+Lemma+PseudoV-O+WHOLE+Head:将+Tail:军			EMPTY		0.5	我们/PN 将/BA 军法/NN 处置/VV ，/PU 严惩不贷/VV 。/PU	1	2	BA	NN	separate_tokens	pos_valid
266	小便	False	CROSS_CONST	贪小便宜吃大亏。	吃亏	Verb-Object	SPLIT	吃	亏	吃亏+Lemma+Verb-Object+SPLIT+Head:吃+Tail:亏	大MOD	大:MOD	MODIFIER		1.0	贪/VV 小便宜/NN 吃/VV 大/JJ 亏/NN 。/PU	2	4	VV	NN	separate_tokens	pos_valid
267	大便	False	COINCIDENCE	父亲18岁大的时候便去广东了。	大便	Modifier-Head	SPLIT	大	便	大便+Lemma+Modifier-Head+SPLIT+Head:大+Tail:便	的DE时TIME候	的:DE+时:TIME	UNKNOWN		0.6666666666666666	父亲/NN 18岁/NT 大/VA 的/DEC 时候/NN 便/AD 去/VV 广东/NR 了/SP 。/PU	2	5	VA	AD	separate_tokens	pos_override_by_confidence:0.67;original:tail_pos_blacklisted:AD
